"","sample_date","treatment_plant","simulated_raw_concentration"
"1",2022-11-04,13,1087763.51872157
"2",2022-11-08,13,1417173.25592926
"3",2022-11-15,13,1039101.1078356
"4",2022-11-19,13,751816.192299213
"5",2022-11-22,13,637160.175321864
"6",2022-11-25,13,532918.693384627
"7",2022-11-28,13,788278.330347007
"8",2022-12-02,13,844068.745291816
"9",2022-12-05,13,1549581.39540385
"10",2022-12-08,13,628649.894524702
"11",2022-12-12,13,808710.920237284
"12",2022-12-15,13,520044.958228348
"13",2022-12-22,13,743376.991469728
"14",2022-12-25,13,786371.229609245
"15",2022-12-29,13,1243707.3912777
"16",2023-01-01,13,2851840.7255977
"17",2023-01-04,13,954355.209693245
"18",2023-01-15,13,1919590.68564004
"19",2023-01-17,13,1647299.44075184
"20",2023-01-20,13,2392120.12299083
"21",2023-01-24,13,1954953.19936316
"22",2023-01-27,13,2780766.49448253
"23",2023-02-04,13,1916939.3990946
"24",2023-02-06,13,2253439.47758498
"25",2023-02-09,13,1340294.17355924
"26",2023-02-13,13,1985084.96951446
"27",2023-02-16,13,1302287.59357148
"28",2023-02-19,13,4815994.10174249
"29",2023-02-23,13,1763296.15304387
"30",2023-02-27,13,1389913.4609065
"31",2023-03-04,13,1917299.95611059
"32",2023-03-11,13,6112046.21968544
"33",2023-03-14,13,1371653.40157852
"34",2023-03-19,13,4066485.49785816
"35",2023-03-21,13,1274223.45167504
"36",2023-03-25,13,1807721.29627838
"37",2023-03-28,13,1413006.13753117
"38",2023-04-01,13,1889150.24053933
"39",2023-04-04,13,1868619.01269395
"40",2023-04-08,13,1497313.60116817
"41",2023-04-11,13,1434451.40232339
"42",2023-04-16,13,2432067.24292149
"43",2023-04-19,13,1488893.51272086
"44",2023-04-25,13,4417380.92398219
"45",2023-04-29,13,1809797.10207887
"46",2023-05-05,13,2224368.53394305
"47",2023-05-09,13,947432.268461775
"48",2023-05-13,13,2213771.6488365
"49",2023-05-16,13,2118181.41326471
"50",2023-05-20,13,1047140.5482882
"51",2023-05-23,13,1679022.6851822
"52",2023-05-26,13,860686.118391794
"53",2023-05-29,13,2128016.33865183
"54",2023-06-03,13,710166.891147514
"55",2023-06-05,13,1449801.9158387
"56",2023-06-09,13,531441.356351285
"57",2023-06-20,13,735463.276508281
"58",2023-06-24,13,847589.000294246
"59",2023-06-28,13,487164.940609593
"60",2023-07-02,13,193650.421258149
"61",2023-07-05,13,876375.297128544
"62",2023-07-10,13,706102.612343957
"63",2023-07-13,13,816325.858659764
"64",2022-11-07,20,779229.1108666
"65",2022-11-09,20,536710.831546566
"66",2022-11-10,20,2776514.53459931
"67",2022-11-15,20,493103.562309134
"68",2022-11-17,20,1339883.97209333
"69",2022-11-22,20,850445.637972647
"70",2022-11-27,20,505579.385763715
"71",2022-11-29,20,669023.426937943
"72",2022-12-04,20,558670.838898626
"73",2022-12-06,20,968157.671022886
"74",2022-12-11,20,4664279.52748892
"75",2022-12-16,20,187657.480167954
"76",2022-12-21,20,616314.367104203
"77",2022-12-23,20,811372.921559536
"78",2022-12-28,20,355689.322590486
"79",2022-12-30,20,1658688.52947316
"80",2023-01-01,20,1268187.68390058
"81",2023-01-03,20,1653831.53245414
"82",2023-01-09,20,2160493.22969253
"83",2023-01-16,20,7522455.15589016
"84",2023-01-22,20,4290951.11542446
"85",2023-01-24,20,2824089.18329523
"86",2023-01-26,20,2092929.45622662
"87",2023-02-01,20,7731357.53828716
"88",2023-02-03,20,6079309.99616599
"89",2023-02-04,20,1577886.23705758
"90",2023-02-06,20,4962631.74650422
"91",2023-02-08,20,3523359.70144193
"92",2023-02-10,20,3058153.29236207
"93",2023-02-12,20,1592070.9030552
"94",2023-02-17,20,2302996.80039277
"95",2023-02-18,20,2875972.71571593
"96",2023-02-24,20,844247.769484603
"97",2023-02-26,20,2961550.94615521
"98",2023-03-04,20,2441726.65612014
"99",2023-03-11,20,1570757.31760396
"100",2023-03-16,20,1322173.81827032
"101",2023-03-21,20,660711.162443218
"102",2023-03-26,20,1737820.24981656
"103",2023-03-28,20,1859113.48744791
"104",2023-03-30,20,9944118.28420799
"105",2023-04-05,20,2067515.227175
"106",2023-04-07,20,2214839.13393852
"107",2023-04-09,20,1253099.69110676
"108",2023-04-11,20,692119.708824946
"109",2023-04-13,20,980410.753417018
"110",2023-04-18,20,1506344.54296412
"111",2023-04-23,20,1010631.81971754
"112",2023-04-28,20,1118285.89078069
"113",2023-05-04,20,3502036.35906238
"114",2023-05-09,20,2220413.4539854
"115",2023-05-11,20,309261.821110722
"116",2023-05-23,20,1594274.17749157
"117",2023-05-28,20,599888.424294045
"118",2023-06-02,20,229006.945692903
"119",2023-06-07,20,248515.125698024
"120",2023-06-08,20,463057.009169369
"121",2023-06-10,20,691436.526940918
"122",2023-06-15,20,530940.935894169
"123",2023-06-17,20,2496658.47218824
"124",2023-06-19,20,210061.403933823
"125",2023-06-27,20,235035.772537673
"126",2023-07-02,20,360356.091069189
"127",2023-07-07,20,72994.6829326199
"128",2023-07-09,20,641014.575514891
"129",2023-07-11,20,159799.36632109
"130",2023-07-16,20,1266390.93989468
"131",2023-07-21,20,170613.035821926
"132",2023-07-26,20,643666.454432722
"133",2023-07-31,20,286476.130804542
"134",2023-08-05,20,357101.674174631
"135",2023-08-07,20,823675.863287515
"136",2022-11-05,11,2529127.5394369
"137",2022-11-07,11,1754896.90201263
"138",2022-11-11,11,1820565.29385973
"139",2022-11-15,11,1467938.71428605
"140",2022-11-19,11,845359.346724947
"141",2022-11-22,11,822760.080388047
"142",2022-11-26,11,934992.378874339
"143",2022-11-28,11,796370.300854424
"144",2022-12-01,11,609702.103780159
"145",2022-12-05,11,549667.824907183
"146",2022-12-07,11,352289.746806534
"147",2022-12-11,11,532063.559301671
"148",2022-12-15,11,387630.073505964
"149",2022-12-19,11,716677.086444038
"150",2022-12-22,11,278104.790927893
"151",2022-12-26,11,464548.885897306
"152",2022-12-30,11,291693.121024945
"153",2023-01-01,11,1223691.21513233
"154",2023-01-08,11,1764521.9263064
"155",2023-01-11,11,2862477.49099015
"156",2023-01-15,11,1798465.32998322
"157",2023-01-19,11,762207.091324955
"158",2023-01-22,11,1886973.17634843
"159",2023-01-26,11,3122381.81489632
"160",2023-01-28,11,4046028.31192448
"161",2023-01-31,11,2746768.80085397
"162",2023-02-03,11,2561041.99277043
"163",2023-02-06,11,1819480.62070487
"164",2023-02-13,11,2769617.55707801
"165",2023-02-17,11,1991937.30418496
"166",2023-02-21,11,4077653.64134076
"167",2023-02-25,11,3170266.76565744
"168",2023-02-28,11,2678506.97337659
"169",2023-03-04,11,1642674.30518331
"170",2023-03-07,11,2399389.86206483
"171",2023-03-09,11,1149973.01168694
"172",2023-03-13,11,2350247.63810464
"173",2023-03-16,11,2452644.46567622
"174",2023-03-19,11,1502524.04005096
"175",2023-03-22,11,1750274.7108918
"176",2023-03-29,11,2118439.23969262
"177",2023-04-01,11,3068265.24058205
"178",2023-04-04,11,1646632.88418064
"179",2023-04-06,11,1503204.24795642
"180",2023-04-11,11,1157317.5242983
"181",2023-04-14,11,1576026.49038051
"182",2023-04-21,11,1438467.73867829
"183",2023-04-25,11,1591380.34055353
"184",2023-04-28,11,1797327.17019026
"185",2023-05-01,11,741649.677401932
"186",2023-05-05,11,1216061.59382426
"187",2023-05-08,11,1377515.67912118
"188",2023-05-11,11,899492.406395329
"189",2023-05-13,11,363487.147806198
"190",2023-05-16,11,1493921.27433084
"191",2023-05-19,11,1303296.40639335
"192",2023-05-22,11,1310560.49970645
"193",2023-05-26,11,1014947.54863406
"194",2023-05-29,11,824446.846907655
"195",2023-06-01,11,915334.492252017
"196",2023-06-04,11,822138.897350187
"197",2023-06-07,11,559419.104805958
"198",2023-06-11,11,747953.450836673
"199",2023-06-15,11,802862.043656511
"200",2023-06-18,11,734710.935872299
"201",2023-06-21,11,597680.640262267
"202",2023-06-25,11,845950.979841115
"203",2023-06-29,11,651182.685781854
"204",2023-07-03,11,327523.539189703
"205",2022-11-05,19,9654083.96274103
"206",2022-11-10,19,10591058.8526666
"207",2022-11-15,19,9072021.05929865
"208",2022-11-17,19,8981217.17842129
"209",2022-11-18,19,10559561.8591704
"210",2022-11-20,19,7774773.0530767
"211",2022-11-22,19,14351458.2135294
"212",2022-11-28,19,7441899.00031635
"213",2022-12-03,19,11328230.9253869
"214",2022-12-05,19,8646485.54893983
"215",2022-12-11,19,6943778.78653308
"216",2022-12-16,19,10955703.729125
"217",2022-12-18,19,11283336.1370348
"218",2022-12-23,19,12011316.9704496
"219",2022-12-25,19,4579491.86502722
"220",2022-12-30,19,12269887.4818565
"221",2023-01-01,19,7623660.86202356
"222",2023-01-03,19,17585828.7345307
"223",2023-01-05,19,13804483.1545177
"224",2023-01-10,19,13239611.4552557
"225",2023-01-15,19,21509111.7957521
"226",2023-01-17,19,19816274.0634547
"227",2023-01-19,19,15921155.2451803
"228",2023-01-24,19,27337729.6037974
"229",2023-01-26,19,19742669.2723277
"230",2023-01-31,19,29404139.1685368
"231",2023-02-01,19,34353355.326823
"232",2023-02-07,19,6240901.45885615
"233",2023-02-08,19,18420532.1783395
"234",2023-02-10,19,21734068.2844638
"235",2023-02-17,19,22719754.2361571
"236",2023-02-23,19,22695797.268018
"237",2023-02-24,19,20974441.5013526
"238",2023-03-02,19,29434118.70037
"239",2023-03-04,19,18844024.9615839
"240",2023-03-09,19,9411033.16668088
"241",2023-03-10,19,39676844.1785024
"242",2023-03-15,19,24687110.2664053
"243",2023-03-17,19,16490001.0985153
"244",2023-03-18,19,17722599.1543429
"245",2023-03-20,19,21059602.3769579
"246",2023-03-25,19,25940913.1511326
"247",2023-03-27,19,21752490.3714747
"248",2023-03-29,19,8445838.35440819
"249",2023-03-31,19,13453003.7782718
"250",2023-04-05,19,18496300.4911397
"251",2023-04-10,19,16767874.4032938
"252",2023-04-11,19,16437587.2358222
"253",2023-04-17,19,14699255.1054901
"254",2023-04-22,19,21365332.0974544
"255",2023-04-27,19,11941905.9341334
"256",2023-05-02,19,9736970.87027317
"257",2023-05-04,19,10622754.922893
"258",2023-05-06,19,5509127.17336091
"259",2023-05-11,19,9452554.0983938
"260",2023-05-16,19,4701212.57355123
"261",2023-05-18,19,4309596.75427851
"262",2023-05-23,19,5150683.97045272
"263",2023-05-28,19,6307876.38556536
"264",2023-06-05,19,6629990.58196088
"265",2023-06-07,19,5152305.45713493
"266",2023-06-12,19,3879516.50264029
"267",2023-06-14,19,4626197.83666109
"268",2023-06-19,19,4798039.48486828
"269",2023-06-26,19,3815735.8670486
"270",2023-06-27,19,3583091.12500174
"271",2023-06-29,19,4656353.7251676
"272",2023-07-04,19,6583413.94097067
"273",2023-07-06,19,2818029.36691854
"274",2023-07-08,19,4630460.32398771
"275",2023-07-13,19,7034160.04531564
"276",2023-07-18,19,8487643.21309878
"277",2023-07-20,19,4905666.91592647
"278",2023-07-26,19,1695081.05928059
"279",2023-07-31,19,5477896.72198044
"280",2023-08-05,19,4601947.92372044
"281",2023-08-07,19,2866932.46924523
"282",2022-12-07,9,1058252.67817775
"283",2022-12-09,9,1357512.49714417
"284",2022-12-14,9,1143975.68238556
"285",2022-12-19,9,2806150.9304462
"286",2022-12-26,9,4438527.63647735
"287",2022-12-28,9,5186433.26383554
"288",2022-12-30,9,3827573.94211787
"289",2023-01-04,9,3091912.25507087
"290",2023-01-06,9,1370639.00211
"291",2023-01-13,9,3225580.10860744
"292",2023-01-18,9,793431.224372584
"293",2023-01-20,9,9125590.944552
"294",2023-01-22,9,2576012.14939695
"295",2023-01-24,9,4678271.56834612
"296",2023-01-29,9,2593101.66337389
"297",2023-02-03,9,217865.84713067
"298",2023-02-09,9,1144819.8293987
"299",2023-02-11,9,725917.426446053
"300",2023-02-13,9,1751402.36992982
"301",2023-02-15,9,1730636.19081619
"302",2023-02-22,9,306897.47371977
"303",2023-03-03,9,583663.087207241
"304",2023-03-05,9,2401121.7890584
"305",2023-03-07,9,1058742.14255351
"306",2023-03-12,9,586644.454160613
"307",2023-03-17,9,4378037.54756683
"308",2023-03-22,9,1537819.72054221
"309",2023-03-24,9,6713368.34701924
"310",2023-04-05,9,7800155.20388611
"311",2023-04-07,9,41323301.520259
"312",2023-04-12,9,22405418.370788
"313",2023-04-17,9,9871358.667743
"314",2023-04-19,9,16501763.6714987
"315",2023-04-24,9,12386942.9480468
"316",2023-04-26,9,7410851.58603671
"317",2023-04-28,9,17781990.5925023
"318",2023-04-30,9,10990838.2977764
"319",2023-05-02,9,178957881.445035
"320",2023-05-07,9,8259891.25736912
"321",2023-05-14,9,52314745.8840992
"322",2023-05-19,9,4475117.60088244
"323",2023-05-21,9,1669294.59150159
"324",2023-05-26,9,12786684.673
"325",2023-05-28,9,10254909.3310425
"326",2023-05-30,9,1691387.80923244
"327",2023-06-04,9,2083574.77967226
"328",2023-06-06,9,8787917.62707458
"329",2023-06-08,9,312545.651890033
"330",2023-06-13,9,2356253.25130825
"331",2023-06-15,9,644557.884581245
"332",2023-06-20,9,550903.860604982
"333",2023-06-22,9,368718.795757048
"334",2023-06-24,9,1232938.17914021
"335",2023-06-29,9,209884.436887314
"336",2023-07-04,9,344336.218162748
"337",2023-07-09,9,235769.338761295
"338",2023-07-14,9,1496497.84922803
"339",2023-07-16,9,790186.823086377
"340",2023-07-23,9,319411.230203391
"341",2023-07-28,9,1350891.53689797
"342",2023-07-29,9,269811.433551141
"343",2023-08-03,9,221895.739955926
"344",2022-11-05,16,1133802.82048415
"345",2022-11-07,16,1939567.5198703
"346",2022-11-10,16,1414179.54094099
"347",2022-11-12,16,637787.926682699
"348",2022-11-14,16,1071004.10653445
"349",2022-11-16,16,1002718.98769686
"350",2022-11-19,16,1080838.60669152
"351",2022-11-21,16,756482.978820171
"352",2022-11-23,16,673470.10365539
"353",2022-11-25,16,907413.508274221
"354",2022-11-27,16,824820.448652409
"355",2022-11-30,16,938178.268889173
"356",2022-12-05,16,570834.934595554
"357",2022-12-07,16,828616.270405171
"358",2022-12-09,16,870461.36848146
"359",2022-12-12,16,791656.73761718
"360",2022-12-14,16,712476.997163397
"361",2022-12-16,16,886453.423197795
"362",2022-12-18,16,880200.464541664
"363",2022-12-21,16,889437.21426705
"364",2022-12-23,16,771643.900906137
"365",2022-12-26,16,924435.132283857
"366",2022-12-28,16,726512.2618039
"367",2022-12-30,16,1022635.14867862
"368",2023-01-02,16,762552.515260512
"369",2023-01-04,16,1238489.49371377
"370",2023-01-06,16,1020948.71038884
"371",2023-01-09,16,1265065.72551284
"372",2023-01-11,16,1762057.25224261
"373",2023-01-13,16,2023919.84477924
"374",2023-01-15,16,1753616.46391436
"375",2023-01-17,16,796653.758771002
"376",2023-01-19,16,1211687.24659291
"377",2023-01-21,16,1270520.50579438
"378",2023-01-24,16,2082781.99735207
"379",2023-01-28,16,983377.248302332
"380",2023-02-02,16,2076825.56754089
"381",2023-02-04,16,1094427.72926204
"382",2023-02-07,16,2077113.11907008
"383",2023-02-10,16,3932467.11856578
"384",2023-02-13,16,2052422.30242034
"385",2023-02-15,16,2320528.2709192
"386",2023-02-17,16,965311.027076264
"387",2023-02-19,16,1579120.80101531
"388",2023-02-22,16,1996313.77002989
"389",2023-02-25,16,1366266.9662232
"390",2023-02-27,16,1107351.07577946
"391",2023-03-02,16,2110830.70495199
"392",2023-03-04,16,1795319.5191307
"393",2023-03-06,16,2351098.67826712
"394",2023-03-08,16,2560596.01129701
"395",2023-03-10,16,1996530.59765996
"396",2023-03-15,16,1492153.30999953
"397",2023-03-17,16,1242838.78814049
"398",2023-03-20,16,2708050.95469866
"399",2023-03-22,16,1633089.53556756
"400",2023-03-24,16,1511390.18563587
"401",2023-03-26,16,2119541.07365547
"402",2023-03-28,16,1157645.05751731
"403",2023-03-31,16,1168902.36572137
"404",2023-04-04,16,1890865.35152634
"405",2023-04-06,16,1679026.30854145
"406",2023-04-08,16,1980022.14242819
"407",2023-04-10,16,1821135.4748032
"408",2023-04-13,16,1619861.45005236
"409",2023-04-15,16,1184976.91386879
"410",2023-04-17,16,1169675.84762106
"411",2023-04-19,16,2427055.53474315
"412",2023-04-22,16,1969383.18233257
"413",2023-04-24,16,1509209.13019961
"414",2023-04-27,16,742453.065977801
"415",2023-04-30,16,940566.866649382
"416",2023-05-03,16,921681.031563431
"417",2023-05-05,16,805251.040946556
"418",2023-05-07,16,678845.266420256
"419",2023-05-12,16,1061639.77908815
"420",2023-05-14,16,1184635.32281749
"421",2023-05-17,16,1121924.26921073
"422",2023-05-19,16,780035.223212222
"423",2023-05-22,16,600105.579660719
"424",2023-05-24,16,992713.782992734
"425",2023-05-26,16,980195.297960766
"426",2023-05-28,16,659485.688973348
"427",2023-05-30,16,243981.296890497
"428",2023-06-01,16,394168.263072602
"429",2023-06-03,16,874954.22119023
"430",2023-06-08,16,378371.436023422
"431",2023-06-11,16,541157.587364666
"432",2023-06-14,16,516407.025961359
"433",2023-06-16,16,293323.942953801
"434",2023-06-19,16,213222.939669151
"435",2023-06-21,16,216226.067167343
"436",2023-06-23,16,304406.41824783
"437",2023-06-26,16,316192.52025643
"438",2023-06-28,16,371222.531413728
"439",2023-06-30,16,450800.566196084
"440",2023-07-04,16,518492.78197316
"441",2023-07-06,16,482348.941161915
"442",2023-07-09,16,333081.847168927
"443",2023-07-11,16,416091.814170275
"444",2023-07-14,16,384786.074630526
"445",2022-11-02,4,11806409.5762086
"446",2022-11-04,4,7037403.24462628
"447",2022-11-10,4,8794795.62489499
"448",2022-11-16,4,10247952.4180988
"449",2022-11-21,4,5036089.95781172
"450",2022-11-23,4,4904262.97710927
"451",2022-11-25,4,6080596.68361478
"452",2022-11-30,4,4680070.59793019
"453",2022-12-05,4,3045079.86493323
"454",2022-12-09,4,3669512.15933565
"455",2022-12-14,4,4816319.25069943
"456",2022-12-19,4,2430477.55293385
"457",2022-12-24,4,4064304.93280197
"458",2022-12-29,4,12447760.5526437
"459",2022-12-31,4,17110715.7394318
"460",2023-01-02,4,8813790.63759553
"461",2023-01-07,4,12791574.8981891
"462",2023-01-09,4,6812953.62170454
"463",2023-01-11,4,11195140.2386727
"464",2023-01-13,4,28491528.0306449
"465",2023-01-15,4,11835944.6765289
"466",2023-01-17,4,16316686.2227822
"467",2023-01-22,4,5957084.99353092
"468",2023-01-27,4,11649777.5662849
"469",2023-01-29,4,19611940.5100937
"470",2023-01-31,4,5218638.47705361
"471",2023-02-01,4,9686136.90511431
"472",2023-02-06,4,18557003.3681016
"473",2023-02-08,4,13398482.7126635
"474",2023-02-13,4,11817800.5637226
"475",2023-03-06,4,12447701.1178621
"476",2023-03-11,4,16060222.679975
"477",2023-03-13,4,12519548.9769716
"478",2023-03-18,4,10695473.4739293
"479",2023-03-20,4,11173102.0026854
"480",2023-03-25,4,16572475.1131424
"481",2023-03-30,4,8838951.32053535
"482",2023-04-01,4,11285657.4396398
"483",2023-04-03,4,16700218.0629767
"484",2023-04-05,4,25218826.695521
"485",2023-04-10,4,16839327.8471278
"486",2023-04-15,4,15440875.7418584
"487",2023-04-17,4,15735013.6208739
"488",2023-04-22,4,9180044.79212107
"489",2023-04-27,4,13115777.9567503
"490",2023-05-02,4,10171142.8607551
"491",2023-05-05,4,6440014.65429618
"492",2023-05-10,4,6092847.38157763
"493",2023-05-14,4,7533748.86607032
"494",2023-05-16,4,9286880.87920184
"495",2023-05-17,4,9090291.74566686
"496",2023-05-19,4,4305959.49207072
"497",2023-05-26,4,6964825.52219333
"498",2023-05-28,4,5828354.0193001
"499",2023-06-02,4,3382514.15911549
"500",2023-06-04,4,3374037.84585987
"501",2023-06-08,4,3403310.99647207
"502",2023-06-13,4,3461113.16276149
"503",2023-06-18,4,4396698.76004783
"504",2023-06-19,4,2348298.64417445
"505",2023-06-21,4,2223343.6765425
"506",2023-06-28,4,2044662.12463267
"507",2023-07-03,4,5106118.86140679
"508",2023-07-05,4,2241402.06112623
"509",2023-07-07,4,1589563.69852305
"510",2023-07-09,4,2764676.54276088
"511",2023-07-12,4,3347005.8152357
"512",2023-07-14,4,3068689.83143296
"513",2023-07-19,4,2667150.18027708
"514",2023-07-24,4,1574075.70893979
"515",2023-07-26,4,2755156.05795138
"516",2023-07-28,4,4818541.37028169
"517",2023-08-02,4,3127063.66502991
"518",2023-08-07,4,4324162.97690361
"519",2022-11-03,18,5049367.35877998
"520",2022-11-06,18,6722668.52887561
"521",2022-11-09,18,13980629.8101434
"522",2022-11-16,18,1850365.96916986
"523",2022-11-20,18,10441911.1810319
"524",2022-11-23,18,2899492.89794918
"525",2022-11-27,18,3013661.1148433
"526",2022-12-04,18,1343185.8144729
"527",2022-12-11,18,1351101.06578634
"528",2022-12-12,18,1307273.37172093
"529",2022-12-16,18,5818081.99044594
"530",2022-12-19,18,2761681.24588295
"531",2022-12-26,18,7248233.46692717
"532",2023-01-02,18,3070453.73477828
"533",2023-01-05,18,6084833.70169534
"534",2023-01-09,18,3179160.80368217
"535",2023-01-12,18,4442722.32826399
"536",2023-01-16,18,5596134.35228678
"537",2023-01-20,18,1915613.18803712
"538",2023-01-23,18,10596575.2593714
"539",2023-01-26,18,7151215.13333356
"540",2023-01-29,18,2634224.22990019
"541",2023-02-04,18,3178731.25276832
"542",2023-02-08,18,1839840.27972565
"543",2023-02-12,18,3761723.64293099
"544",2023-02-15,18,2073079.96918178
"545",2023-02-18,18,4503942.99671352
"546",2023-02-22,18,1451641.21758964
"547",2023-02-26,18,1325618.15501546
"548",2023-03-01,18,2209511.67182725
"549",2023-03-05,18,936182.464973894
"550",2023-03-08,18,1212849.29394607
"551",2023-03-12,18,1615583.50019652
"552",2023-03-15,18,2281834.59600668
"553",2023-03-18,18,2296439.64186664
"554",2023-03-22,18,2699638.33458497
"555",2023-03-25,18,2242909.96951196
"556",2023-03-28,18,3731977.10367995
"557",2023-04-01,18,3734339.51478213
"558",2023-04-05,18,3561070.60974564
"559",2023-04-08,18,5799511.94092774
"560",2023-04-15,18,2996030.90988847
"561",2023-04-19,18,6860914.62223574
"562",2023-04-22,18,5872544.5731509
"563",2023-04-25,18,13729679.2976626
"564",2023-04-28,18,7330298.95431926
"565",2023-05-02,18,4593787.49640355
"566",2023-05-06,18,3744336.31043676
"567",2023-05-10,18,3315829.76002084
"568",2023-05-14,18,1305269.68298802
"569",2023-05-17,18,4043385.24817081
"570",2023-05-21,18,11792708.2653015
"571",2023-05-24,18,9728734.62087394
"572",2023-05-27,18,2105390.08634537
"573",2023-05-31,18,2985647.36213169
"574",2023-06-03,18,4633684.71309464
"575",2023-06-06,18,2498172.31009579
"576",2023-06-10,18,923052.917285138
"577",2023-06-14,18,2630378.58152384
"578",2023-06-21,18,3052326.9453794
"579",2023-06-24,18,1837403.97797305
"580",2023-06-28,18,1530656.46751917
"581",2023-07-02,18,2233777.31287383
"582",2023-07-06,18,1923559.575342
"583",2023-07-10,18,4871373.52946527
"584",2023-07-13,18,1535904.60058747
"585",2022-11-05,22,8788017.35787857
"586",2022-11-10,22,5987371.47460483
"587",2022-11-17,22,5559384.55553973
"588",2022-11-22,22,1480850.84082695
"589",2022-11-27,22,4222779.81720666
"590",2022-12-02,22,3927747.36678181
"591",2022-12-07,22,1943677.30674169
"592",2022-12-12,22,14925837.9781109
"593",2022-12-17,22,10988336.3902939
"594",2022-12-19,22,5061093.62810063
"595",2022-12-26,22,7932323.02814766
"596",2022-12-31,22,10851194.7027879
"597",2023-01-02,22,17380469.822267
"598",2023-01-04,22,8750394.92194707
"599",2023-01-09,22,8328470.69499938
"600",2023-01-11,22,8573170.83637192
"601",2023-01-13,22,12714225.6947334
"602",2023-01-20,22,17580800.4719299
"603",2023-01-25,22,19220003.0149182
"604",2023-01-30,22,13233428.0235315
"605",2023-02-04,22,11922635.7378481
"606",2023-02-09,22,8953008.80524801
"607",2023-02-14,22,9656676.90206405
"608",2023-02-16,22,1421053.89892258
"609",2023-02-21,22,5036309.72930333
"610",2023-02-23,22,7804391.78427253
"611",2023-02-25,22,5351830.93765568
"612",2023-03-02,22,8081836.97226601
"613",2023-03-04,22,6467815.4854244
"614",2023-03-09,22,6257899.29476055
"615",2023-03-11,22,16045620.5840045
"616",2023-03-13,22,4884582.79721146
"617",2023-03-18,22,15299920.3592561
"618",2023-03-23,22,16487871.6375623
"619",2023-03-30,22,15092584.0258752
"620",2023-04-04,22,18660723.1863229
"621",2023-04-06,22,10967067.873394
"622",2023-04-11,22,14933956.2752711
"623",2023-04-16,22,13534161.3661574
"624",2023-04-18,22,13526076.8128303
"625",2023-04-25,22,5814807.10291329
"626",2023-04-27,22,16655983.0041423
"627",2023-04-29,22,20793757.2252023
"628",2023-05-01,22,31481915.1622046
"629",2023-05-03,22,10413654.3389339
"630",2023-05-05,22,10525435.4292961
"631",2023-05-07,22,6064471.43737395
"632",2023-05-09,22,7150738.30190855
"633",2023-05-11,22,9019026.26065823
"634",2023-05-13,22,439937581.318717
"635",2023-05-15,22,9589104.41470682
"636",2023-05-20,22,5244265.73079593
"637",2023-05-22,22,4529187.40317928
"638",2023-05-24,22,10202872.0147479
"639",2023-05-26,22,3796310.96806757
"640",2023-05-27,22,5655268.35631467
"641",2023-06-03,22,17135502.3847193
"642",2023-06-07,22,850331.204729313
"643",2023-06-09,22,2977833.50721832
"644",2023-06-14,22,2364421.18374122
"645",2023-06-21,22,211544039.729998
"646",2023-06-23,22,13375840.4874118
"647",2023-06-25,22,1347384.46985235
"648",2023-06-30,22,1881450.90290741
"649",2023-07-05,22,3452133.42778342
"650",2023-07-07,22,2454545.75000713
"651",2023-07-12,22,1635389.95913813
"652",2022-11-05,1,2525109.74266682
"653",2022-11-10,1,1185892.65129074
"654",2022-11-15,1,4173635.63934848
"655",2022-11-20,1,6201318.34557941
"656",2022-11-22,1,1998668.03822117
"657",2022-11-24,1,2901924.62000624
"658",2022-11-26,1,12207292.7338108
"659",2022-12-01,1,3687638.69724769
"660",2022-12-03,1,1919776.54625631
"661",2022-12-05,1,2854518.72220105
"662",2022-12-12,1,910232.490013329
"663",2022-12-14,1,1132828.74060322
"664",2022-12-22,1,2942106.69680228
"665",2022-12-24,1,4820895.82514672
"666",2022-12-31,1,1674428.37290115
"667",2023-01-05,1,2057924.73384035
"668",2023-01-10,1,7471076.65627908
"669",2023-01-19,1,14732610.9466951
"670",2023-01-26,1,17624230.6810181
"671",2023-01-28,1,6550214.64811246
"672",2023-01-30,1,5460506.40412195
"673",2023-02-04,1,7781469.80809363
"674",2023-02-09,1,7033587.48761683
"675",2023-02-11,1,7207436.70198839
"676",2023-02-13,1,11661563.4276558
"677",2023-02-19,1,6734671.68713744
"678",2023-02-24,1,13908451.2159743
"679",2023-03-01,1,7987997.52421773
"680",2023-03-03,1,10191035.0652158
"681",2023-03-05,1,19536755.2642584
"682",2023-03-06,1,11751468.6906186
"683",2023-03-08,1,11765241.3571044
"684",2023-03-13,1,10425836.016413
"685",2023-03-18,1,9943058.41276864
"686",2023-03-23,1,6655211.65110112
"687",2023-04-01,1,25293672.7111572
"688",2023-04-08,1,26688096.1682329
"689",2023-04-13,1,10195553.3810613
"690",2023-04-15,1,6666143.62085132
"691",2023-04-17,1,18487108.9563746
"692",2023-04-22,1,10379409.4746284
"693",2023-04-27,1,10419548.264639
"694",2023-05-04,1,32860540.2837375
"695",2023-05-09,1,6924214.54921175
"696",2023-05-14,1,2461703.15078474
"697",2023-05-16,1,4544073.40928198
"698",2023-05-21,1,1648705.25797102
"699",2023-05-23,1,1559227.07395697
"700",2023-05-24,1,2325508.15532748
"701",2023-05-25,1,3431905.5507092
"702",2023-05-30,1,3274939.41654512
"703",2023-06-01,1,1059172.9970338
"704",2023-06-06,1,677834.803001385
"705",2023-06-15,1,1048011.42552114
"706",2023-06-17,1,4294447.30208207
"707",2023-06-24,1,948793.061450022
"708",2023-06-29,1,11829455.3712287
"709",2023-07-01,1,638433.92615954
"710",2023-07-06,1,1987797.27049153
"711",2023-07-11,1,628690.278172351
"712",2023-07-16,1,5634422.29523815
"713",2023-07-18,1,550441.213003384
"714",2023-07-23,1,3442855.06168678
"715",2023-07-29,1,1429077.96478637
"716",2023-07-31,1,1145856.43784883
"717",2022-11-04,8,10934456.2615731
"718",2022-11-07,8,17173395.5760359
"719",2022-11-11,8,7498302.0888155
"720",2022-11-14,8,16612777.4330792
"721",2022-11-18,8,9128673.60602058
"722",2022-11-21,8,7938668.83531151
"723",2022-11-28,8,7427786.98333411
"724",2022-12-03,8,3853630.15929245
"725",2022-12-06,8,4663611.04414041
"726",2022-12-17,8,2079212.28374998
"727",2022-12-21,8,2968354.16594507
"728",2022-12-25,8,1905600.50076867
"729",2022-12-29,8,4072286.80828419
"730",2023-01-02,8,4244193.06206206
"731",2023-01-05,8,98653743.9119615
"732",2023-01-08,8,5850492.53461674
"733",2023-01-12,8,8664709.01102046
"734",2023-01-16,8,15822199.8296494
"735",2023-01-23,8,14537069.7986137
"736",2023-01-27,8,16250199.2764213
"737",2023-01-31,8,5715786.17114492
"738",2023-02-03,8,56682405.3706574
"739",2023-02-06,8,11426004.2710021
"740",2023-02-09,8,12534019.6804467
"741",2023-02-20,8,18357243.0527155
"742",2023-02-23,8,5579450.34406494
"743",2023-02-27,8,9186817.11665494
"744",2023-03-02,8,9102069.66974246
"745",2023-03-05,8,7573208.79656046
"746",2023-03-09,8,19351170.8357741
"747",2023-03-12,8,6746667.96507912
"748",2023-03-16,8,11893754.4312355
"749",2023-03-20,8,10917305.9928534
"750",2023-03-24,8,22073874.8349625
"751",2023-03-28,8,15420700.7534778
"752",2023-04-01,8,8356706.34392928
"753",2023-04-05,8,17028411.0645727
"754",2023-04-08,8,11867955.076285
"755",2023-04-11,8,34767358.2786822
"756",2023-04-14,8,14183037.2427486
"757",2023-04-21,8,11514801.0143127
"758",2023-04-24,8,8810333.54904086
"759",2023-04-27,8,8450113.32540437
"760",2023-05-01,8,11362225.7788823
"761",2023-05-04,8,7694144.94985088
"762",2023-05-07,8,8065298.38516059
"763",2023-05-11,8,10027218.4048631
"764",2023-05-14,8,9058149.42440305
"765",2023-05-17,8,10211361.3949374
"766",2023-05-21,8,4949649.68073602
"767",2023-05-24,8,5625470.81927306
"768",2023-05-28,8,11986006.1452414
"769",2023-06-01,8,4930780.91554027
"770",2023-06-04,8,6226488.82656594
"771",2023-06-07,8,3920434.44490839
"772",2023-06-10,8,4386255.62970087
"773",2023-06-13,8,3845663.76631355
"774",2023-06-17,8,3637535.63188677
"775",2023-06-21,8,1963464.92036041
"776",2023-06-24,8,3411074.66889792
"777",2023-06-28,8,1935369.40461593
"778",2023-06-30,8,2164763.4760955
"779",2023-07-04,8,5234050.87084042
"780",2023-07-06,8,1210603.69037848
"781",2023-07-10,8,1056583.27742909
"782",2023-07-13,8,1600607.38426741
"783",2022-11-07,5,811953.402636119
"784",2022-11-11,5,1196263.53543982
"785",2022-11-15,5,1337002.59684739
"786",2022-11-19,5,1220674.76274178
"787",2022-11-26,5,1001905.42365185
"788",2022-11-30,5,1151867.62150141
"789",2022-12-04,5,714314.58585532
"790",2022-12-15,5,756596.105020814
"791",2022-12-18,5,959268.946533619
"792",2022-12-22,5,837519.501174951
"793",2022-12-26,5,620622.713092209
"794",2022-12-29,5,771510.05761013
"795",2023-01-01,5,1008159.19277761
"796",2023-01-04,5,922243.471240891
"797",2023-01-08,5,1357176.06040878
"798",2023-01-12,5,1069587.21151662
"799",2023-01-16,5,1581053.47856544
"800",2023-01-19,5,2006927.87440638
"801",2023-01-22,5,1720972.33513306
"802",2023-01-26,5,1821640.98028358
"803",2023-01-29,5,1595859.87194548
"804",2023-02-01,5,1814842.65868928
"805",2023-02-04,5,2420511.59243876
"806",2023-02-07,5,1765329.02256087
"807",2023-02-11,5,1856617.50138006
"808",2023-02-22,5,2066079.76130108
"809",2023-02-25,5,1939854.42482836
"810",2023-03-04,5,1664576.28951219
"811",2023-03-08,5,1057766.5049851
"812",2023-03-11,5,1254916.89078794
"813",2023-03-15,5,1316448.83763542
"814",2023-03-19,5,1459391.11484668
"815",2023-03-23,5,1904813.52818457
"816",2023-03-27,5,947558.408884688
"817",2023-03-31,5,1366095.76448704
"818",2023-04-14,5,771653.71856211
"819",2023-04-17,5,1000971.65150652
"820",2023-04-21,5,938454.488583889
"821",2023-04-24,5,907762.07294561
"822",2023-04-27,5,927045.619122737
"823",2023-05-04,5,1538777.30581796
"824",2023-05-08,5,1194102.12580156
"825",2023-05-12,5,1245558.33741884
"826",2023-05-15,5,865322.840987333
"827",2023-05-18,5,1250289.42204245
"828",2023-05-21,5,827576.016919837
"829",2023-05-24,5,852317.096560639
"830",2023-05-27,5,1123123.09174396
"831",2023-05-30,5,417656.297747002
"832",2023-06-03,5,683603.777879496
"833",2023-06-06,5,599620.541061053
"834",2023-06-10,5,745613.24440019
"835",2023-06-13,5,517048.740821723
"836",2023-06-16,5,553869.598467851
"837",2023-06-20,5,436403.093166578
"838",2023-06-23,5,416413.487927586
"839",2022-11-04,6,2233610.69306055
"840",2022-11-09,6,2120931.44475668
"841",2022-11-11,6,1315911.60689274
"842",2022-11-16,6,1239634.77674261
"843",2022-11-18,6,822702.367694744
"844",2022-11-23,6,1271819.80023769
"845",2022-11-28,6,1091047.06333401
"846",2022-12-03,6,1897374.98429164
"847",2022-12-04,6,1371790.73502183
"848",2022-12-09,6,1669647.07275164
"849",2022-12-15,6,1791018.68215558
"850",2022-12-17,6,1074801.76817453
"851",2022-12-22,6,1003046.01425658
"852",2022-12-27,6,1117017.31398635
"853",2023-01-01,6,2280347.59067414
"854",2023-01-03,6,1896176.15736267
"855",2023-01-05,6,1637812.94003434
"856",2023-01-07,6,1406063.4707086
"857",2023-01-09,6,1683141.8954437
"858",2023-01-16,6,2101735.90703255
"859",2023-01-21,6,5700742.58999003
"860",2023-01-23,6,2233360.79389309
"861",2023-01-28,6,5270070.67506678
"862",2023-02-09,6,3415585.77585217
"863",2023-03-04,6,1676600.80920327
"864",2023-03-06,6,2321894.7644738
"865",2023-03-08,6,11803824.2359342
"866",2023-03-13,6,1777563.19910762
"867",2023-03-15,6,2538658.26603002
"868",2023-03-20,6,1856329.99144888
"869",2023-03-22,6,1840094.61373605
"870",2023-03-24,6,1109585.51961953
"871",2023-03-26,6,1748921.96256753
"872",2023-03-31,6,1463920.44278891
"873",2023-04-02,6,1382106.58747889
"874",2023-04-07,6,2620576.87825192
"875",2023-04-12,6,1301437.21365969
"876",2023-04-14,6,722229.637384332
"877",2023-04-16,6,1108888.39194101
"878",2023-04-18,6,1272484.26307143
"879",2023-04-20,6,1770396.86058716
"880",2023-04-25,6,1696428.84438374
"881",2023-04-27,6,1809694.67758835
"882",2023-05-02,6,1579308.43722006
"883",2023-05-07,6,1555387.77640065
"884",2023-05-09,6,1090034.62710268
"885",2023-05-14,6,1433432.96880484
"886",2023-05-19,6,790594.175426103
"887",2023-05-24,6,389504.911743435
"888",2023-05-26,6,727362.962875917
"889",2023-05-28,6,785040.246229464
"890",2023-06-02,6,888780.200405737
"891",2023-06-04,6,857741.091974435
"892",2023-06-09,6,824413.210394699
"893",2023-06-14,6,594193.711420631
"894",2023-06-16,6,480405.224044941
"895",2023-06-21,6,973137.779000043
"896",2023-06-23,6,621873.718154066
"897",2023-06-28,6,399560.973069072
"898",2023-06-30,6,571646.37446824
"899",2023-07-02,6,596842.380025441
"900",2023-07-09,6,542199.446845118
"901",2023-07-11,6,312782.614352903
"902",2023-07-16,6,625187.792124329
"903",2023-07-21,6,399176.813663406
"904",2023-07-26,6,316287.659038179
"905",2023-07-28,6,577901.867555233
"906",2023-08-02,6,638685.599203517
"907",2022-11-04,7,6754493.08135386
"908",2022-11-08,7,4695482.13949943
"909",2022-11-15,7,10436594.0922316
"910",2022-11-19,7,6521718.39755206
"911",2022-11-23,7,7200764.20874652
"912",2022-11-26,7,3705955.0424311
"913",2022-11-29,7,8556956.92079763
"914",2022-12-03,7,2342628.01102904
"915",2022-12-07,7,5081233.25284109
"916",2022-12-11,7,4207197.80984304
"917",2022-12-14,7,2688653.27855849
"918",2022-12-17,7,3091754.40240218
"919",2022-12-21,7,2358937.09047405
"920",2022-12-24,7,3410243.12811411
"921",2022-12-27,7,6116399.10306633
"922",2022-12-31,7,5226694.45882216
"923",2023-01-03,7,4896301.12493889
"924",2023-01-07,7,6281157.95664936
"925",2023-01-10,7,5146381.69772942
"926",2023-01-13,7,4908966.51480736
"927",2023-01-16,7,5394890.69767126
"928",2023-01-20,7,10885161.4365043
"929",2023-01-24,7,8222507.8228672
"930",2023-01-27,7,6487363.49068992
"931",2023-01-30,7,8951707.12465378
"932",2023-02-06,7,5914989.57575875
"933",2023-02-13,7,7140335.68096778
"934",2023-02-16,7,4228760.25859761
"935",2023-02-20,7,2880376.64917553
"936",2023-02-23,7,6593689.51889742
"937",2023-03-02,7,3512856.81372926
"938",2023-03-06,7,4285809.45495314
"939",2023-03-10,7,3844920.58054463
"940",2023-03-13,7,3038027.52195353
"941",2023-03-17,7,1482427.33789434
"942",2023-03-21,7,5140478.58638612
"943",2023-03-25,7,6326958.12105491
"944",2023-03-28,7,3176536.46149683
"945",2023-03-31,7,6383312.46535724
"946",2023-04-03,7,4272074.04972508
"947",2023-04-06,7,5087924.47334622
"948",2023-04-09,7,7072238.95788572
"949",2023-04-13,7,3956499.73152806
"950",2023-04-17,7,3260674.52877905
"951",2023-04-20,7,4148213.84329778
"952",2023-04-27,7,4160824.36031177
"953",2023-05-04,7,2352620.01937646
"954",2023-05-07,7,2293840.50489562
"955",2023-05-10,7,2692355.7773025
"956",2023-05-13,7,4515938.30120338
"957",2023-05-16,7,4211528.30983723
"958",2023-05-20,7,4645266.49589386
"959",2023-05-23,7,3381668.99746404
"960",2023-05-27,7,3343399.19567061
"961",2023-05-31,7,2337485.11307931
"962",2023-06-04,7,2778146.67558121
"963",2023-06-08,7,2369868.01322708
"964",2023-06-11,7,1322795.18398891
"965",2023-06-15,7,1584331.36848592
"966",2023-06-19,7,1267355.79130488
"967",2023-06-22,7,2047066.41569635
"968",2023-06-25,7,1102517.92811098
"969",2023-06-29,7,1200458.55979031
"970",2023-07-02,7,2100501.70122836
"971",2023-07-06,7,563139.305281132
"972",2023-07-10,7,3535258.15250569
"973",2023-07-13,7,1512279.01642556
"974",2022-12-05,2,819778.069682998
"975",2022-12-07,2,105390.458051845
"976",2022-12-13,2,2905862.8326306
"977",2022-12-15,2,1918411.02340304
"978",2022-12-27,2,971245.747316285
"979",2023-01-01,2,500137.716363254
"980",2023-01-06,2,786257.119916114
"981",2023-01-11,2,1732199.56024536
"982",2023-01-13,2,1291111.45871085
"983",2023-01-18,2,241775.827303996
"984",2023-01-20,2,3118211.55942606
"985",2023-01-26,2,1215757.80705583
"986",2023-01-28,2,3329114.31802575
"987",2023-01-30,2,2287116.17295123
"988",2023-02-04,2,2134350.33452996
"989",2023-02-06,2,4550716.85664902
"990",2023-02-12,2,4408643.47059571
"991",2023-02-17,2,7835416.76230625
"992",2023-02-19,2,4215524.31940614
"993",2023-02-24,2,6698315.2374326
"994",2023-03-01,2,1592389.20730633
"995",2023-03-03,2,11476199.9406553
"996",2023-03-08,2,2760737.21629502
"997",2023-03-13,2,3792973.58239379
"998",2023-03-15,2,1352708.02473896
"999",2023-03-20,2,6381576.33976984
"1000",2023-03-25,2,4187965.09968815
"1001",2023-03-30,2,5515354.69379571
"1002",2023-04-03,2,2592643.37960363
"1003",2023-04-08,2,1906298.81608048
"1004",2023-04-14,2,1363364.67741268
"1005",2023-04-19,2,103822.071153541
"1006",2023-04-21,2,726377.812897689
"1007",2023-04-22,2,1668617.45799163
"1008",2023-04-24,2,973614.298017352
"1009",2023-04-29,2,1633804.87859285
"1010",2023-05-01,2,687392.452263737
"1011",2023-05-06,2,979715.984865473
"1012",2023-05-14,2,610625.607701709
"1013",2023-05-16,2,176127.044428098
"1014",2023-05-21,2,515207.73639274
"1015",2023-05-23,2,408950.674856612
"1016",2023-05-28,2,379985.745113018
"1017",2023-05-29,2,272488.574827971
"1018",2023-05-31,2,353176.342435769
"1019",2023-06-05,2,526495.626451103
"1020",2023-06-12,2,930034.07500743
"1021",2023-06-14,2,392272.364655621
"1022",2023-06-16,2,391958.580616594
"1023",2023-06-21,2,160614.212975477
"1024",2023-06-24,2,529823.324461443
"1025",2023-06-26,2,376669.654823172
"1026",2023-06-28,2,3317374.88678656
"1027",2023-06-30,2,681559.145693525
"1028",2023-07-05,2,551836.986851813
"1029",2023-07-07,2,506713.756572405
"1030",2023-07-08,2,687939.716107925
"1031",2023-07-10,2,804230.345045781
"1032",2023-07-17,2,656024.283362163
"1033",2023-07-22,2,1907220.47734284
"1034",2023-07-24,2,407038.617565294
"1035",2023-07-26,2,388859.396912545
"1036",2023-07-28,2,319465.91165552
"1037",2023-07-30,2,380208.866819008
"1038",2023-08-01,2,783710.017336107
"1039",2023-08-02,2,400550.304810175
"1040",2023-08-07,2,1393115.69780941
"1041",2022-11-04,3,1958172.75577819
"1042",2022-11-08,3,1609892.02109811
"1043",2022-11-11,3,1304764.72270375
"1044",2022-11-15,3,1798523.79072141
"1045",2022-11-19,3,1343650.86736991
"1046",2022-11-23,3,1234409.73567585
"1047",2022-11-26,3,2135002.89091953
"1048",2022-12-05,3,943787.278600617
"1049",2022-12-08,3,1144302.17135851
"1050",2022-12-12,3,909736.956020836
"1051",2022-12-16,3,1480753.63529282
"1052",2022-12-21,3,1043471.92266466
"1053",2022-12-31,3,1474955.30373097
"1054",2023-01-03,3,1174184.69927439
"1055",2023-01-07,3,1033313.60036019
"1056",2023-01-10,3,1301623.67449164
"1057",2023-01-13,3,1345889.77399688
"1058",2023-01-16,3,1270902.35558128
"1059",2023-01-19,3,1114548.87526267
"1060",2023-02-23,3,1476876.49130322
"1061",2023-02-26,3,807836.638422042
"1062",2023-03-01,3,1227295.85805476
"1063",2023-03-03,3,1461137.10842268
"1064",2023-03-07,3,1296700.35591202
"1065",2023-03-14,3,1450202.15067186
"1066",2023-03-18,3,1290131.20607431
"1067",2023-03-22,3,925830.422587035
"1068",2023-03-25,3,1708634.30784
"1069",2023-03-28,3,1451171.59609651
"1070",2023-04-01,3,1091454.93947943
"1071",2023-04-04,3,1415476.11313057
"1072",2023-04-08,3,3749202.65932881
"1073",2023-04-12,3,1060964.05884048
"1074",2023-04-15,3,1312126.34289005
"1075",2023-04-19,3,1306539.97382945
"1076",2023-04-23,3,1402923.52131847
"1077",2023-04-26,3,2374024.45926249
"1078",2023-04-30,3,1828360.0729396
"1079",2023-05-04,3,1406362.26521953
"1080",2023-05-05,3,1067255.2217957
"1081",2023-05-12,3,1086459.14291755
"1082",2023-05-16,3,886775.993328833
"1083",2023-05-20,3,1106284.01993313
"1084",2023-05-23,3,616516.364987155
"1085",2023-05-30,3,1143751.05128325
"1086",2023-06-03,3,874870.765698259
"1087",2023-06-07,3,907232.938591616
"1088",2023-06-10,3,633744.822694664
"1089",2023-06-13,3,546919.707413437
"1090",2023-06-17,3,613592.792906343
"1091",2023-06-24,3,695947.562721566
"1092",2023-06-27,3,618269.509536254
"1093",2023-06-30,3,639930.920646372
"1094",2023-07-04,3,592777.095818567
"1095",2023-07-07,3,762079.630167535
"1096",2023-07-14,3,542071.667251761
